{
    "exp_description": "SDDS",
    "output_dir": "../results/bartlarge/samsum/running",
    "dataset_name": null,
    "dataset_config_name": null,
    "text_column": "utt",
    "summary_column": "summary",
    "speaker_column": "speaker",
    "unique_speaker_column": "unique_speaker",
    "train_file": "../data/samsum/samsum_train.json",
    "validation_file": "../data/samsum/samsum_valid.json",
    "test_file": "../data/samsum/samsum_test.json",
    "overwrite_cache": true,
    "preprocessing_num_workers": null,
    "max_source_length": 512,
    "max_train_samples": null,
    "max_eval_samples": null,
    "max_test_samples": null,
    "ignore_pad_token_for_loss": true,
    "num_beams": 5,
    "max_seq_len_per_utt": 200,
    "max_utt_num": 30,
    "backbone_model": "../pretrained_model/bart_base",
    "model_type": "graphtransformer",
    "use_fast_tokenizer": true,
    "rezero": 1,
    "feature_types": [
        "speaker_adj",
        "cooccurrence_adj",
        "distance_adj",
        "discourse_adj"
    ],
    "utt_pooling": "extract",
    "gt_decoder_attention_heads": 8,
    "gt_encoder_attention_heads": 8,
    "gt_pos_embed":null,
    "gt_encoder_layers": 4,
    "decoder_start_token_id": 0,
    "conv_activation_fn": "relu",
    "do_train": true,
    "do_eval": true,
    "evaluation_strategy": "no",
    "eval_steps": 500,
    "save_strategy": "no",
    "save_steps": 500,
    "save_total_limit": 10,
    "do_predict": true,
    "predict_with_generate": true,
    "prediction_loss_only": false,
    "overwrite_output_dir": true,
    "per_device_train_batch_size": 1,
    "per_device_eval_batch_size": 12,
    "eval_accumulation_steps": -1,
    "gradient_accumulation_steps": 8,
    "learning_rate": 2e-05,
    "weight_decay": 0,
    "adam_beta1": 0.9,
    "adam_beta2": 0.999,
    "adam_epsilon": 1e-08,
    "max_grad_norm": 1,
    "num_train_epochs": 15,
    "max_steps": -1,
    "lr_scheduler_type": "linear",
    "warmup_ratio": 0,
    "warmup_steps": 150,
    "logging_strategy": "steps",
    "logging_first_step": true,
    "logging_steps": 100,
    "seed": 42,
    "disable_tqdm": null,
    "_n_gpu": 1,
    "comet_enable": false,
    "freeze_fine_tune_enable": false,
    "remove_unused_columns": false,
    "load_best_model_at_end": true,
    "metric_for_best_model": "rouge-1",
    "label_smoothing_factor": 0.1,
    "no_cuda": true,
    "gt_decoder_ffn_dim": 4096,
    "gt_encoder_ffn_dim": 4096,
    "ablation_type": "no"
}
